canonical_key,total_mentions,variation_count,variations
Elizabeth,613,2,"['Elizabeth', 'Miss Eliza']"
Jane,295,1,['Jane']
Darcy,252,1,[' Darcy']
Bennet,226,1,[' Bennet']
Bingley,218,2,"['Bingley', 'Miss Bingley']"
Darcy,193,2,"['Darcy', 'Miss Darcy']"
Collins,178,1,[' Collins']
Lydia,172,2,"['Lydia', 'Miss Lydia']"
Wickham,141,1,['Wickham']
Miss_Bennet,123,2,"['Bennet', 'Miss Bennet']"
Lizzy,103,3,"['Lizzie', 'Lizzy', 'Miss Elizabeth']"
Lady_Catherine,101,1,['Lady Catherine']
Bingley,99,1,[' Bingley']
Charlotte,94,2,"['Caroline', 'Charlotte']"
Gardiner,80,1,[' Gardiner']
Kitty,72,1,['Kitty']
Wickham,63,1,[' Wickham']
Mary,42,1,['Mary']
Miss_Lucas,42,2,"['Lady Lucas', 'Miss Lucas']"
Colonel_Fitzwilliam,37,2,"['Colonel Fitzwilliam', 'Fitzwilliam']"
Colonel_Forster,34,2,"['Colonel Forster', 'Forster']"
Sir_William,33,2,"['Bell', 'Sir William']"
Hurst,32,1,[' Hurst']
Catherine,31,1,['Catherine']
Collins,27,1,['Collins']
Gardiner,27,1,['Gardiner']
Miss_Austen,26,2,"['Austen', 'Miss Austen']"
Philips,25,1,[' Philips']
Miss_De_Bourgh,22,3,"['De Bourgh', 'Miss De Bourgh', 'Miss de Bourgh']"
Meryton,21,1,['Meryton']
Maria,20,1,['Maria']
Ladyship,19,1,['Ladyship']
Longbourn,17,1,['Longbourn']
Lucases,16,2,"['Lucases', 'Miss Lucases']"
Eliza,16,1,['Eliza']
Netherfield,15,1,['Netherfield']
Denny,15,2,"[' Denny', 'Denny']"
Georgiana,14,1,['Georgiana']
Lady_Catherine_De_Bourgh,13,1,['Lady Catherine de Bourgh']
Philips,13,1,['Philips']
Long,13,1,[' Long']
Rosings,13,1,['Rosings']
Forster,11,1,[' Forster']
Pemberley,10,1,['Pemberley']
Lucas,10,1,['Lucas']
Miss_Bennets,10,2,"['Bennets', 'Miss Bennets']"
Sir_William_Lucas,10,1,['Sir William Lucas']
Charlotte_Lucas,9,1,['Charlotte Lucas']
Jenkinson,9,1,[' Jenkinson']
Reynolds,8,1,[' Reynolds']
Elizabeth_Bennet,7,2,"['Elizabeth Bennet', 'Miss Elizabeth Bennet']"
William,7,1,['William']
Charles,7,1,['Charles']
Bourgh,7,1,['Bourgh']
George_Wickham,7,1,['George Wickham']
Louisa,6,1,['Louisa']
Hill,6,1,['Hill']
Gardiners,6,1,['Gardiners']
Collinses,6,1,['Collinses']
Swift,5,1,['Swift']
Miss_King,5,1,['Miss King']
Bingleys,5,1,['Bingleys']
Hunsford,5,1,['Hunsford']
F,5,2,"['Colonel F', 'F']"
Fielding,4,1,['Fielding']
Addison,4,1,['Addison']
Miss_Lydia_Bennet,4,2,"['Lydia Bennet', 'Miss Lydia Bennet']"
Long,4,1,['Long']
Captain_Carter,4,2,"['Captain Carter', 'Carter']"
Jones,4,1,[' Jones']
Hurst,4,1,['Hurst']
Emma,3,1,['Emma']
Colonel_Miller,3,2,"['Colonel Miller', 'Miller']"
Lucas_Lodge,3,1,['Lucas Lodge']
Robinson,3,1,['Robinson']
Robinson,3,1,[' Robinson']
Miss_Eliza_Bennet,3,2,"['Eliza Bennet', 'Miss Eliza Bennet']"
Kent,3,1,['Kent']
Sir_Lewis_De_Bourgh,3,1,['Sir Lewis de Bourgh']
De,3,2,"['De', 'de']"
Anne,3,1,['Anne']
Younge,3,1,[' Younge']
Reynolds,3,1,['Reynolds']
Annesley,3,1,[' Annesley']
Derbyshire,3,1,['Derbyshire']
Jane_Austen,2,1,['Jane Austen']
Fanny,2,1,['Fanny']
Crawford,2,1,['Crawford']
Norris,2,1,[' Norris']
Eltons,2,1,['Eltons']
M,2,1,['M']
Thackeray,2,1,['Thackeray']
Beatrix,2,1,['Beatrix']
Barbara,2,1,['Barbara']
Dawson,2,1,['Dawson']
Mamma,2,1,['Mamma']
Philipses,2,1,['Philipses']
Lady_Anne_Darcy,2,2,"['Anne Darcy', 'Lady Anne Darcy']"
Miss_Lizzy,2,1,['Miss Lizzy']
John,2,1,['John']
King,2,1,['King']
Harriet,2,1,['Harriet']
Pratt,2,1,['Pratt']
W,2,1,['W']
Heaven,2,1,['Heaven']
Hill,2,1,[' Hill']
Haggerston,2,1,['Haggerston']
Gouldings,2,1,['Gouldings']
General,2,1,['General']
Newcastle,2,1,['Newcastle']
George_Saintsbury,1,1,['George Saintsbury']
Hugh_Thomson_Ruskin,1,1,['Hugh Thomson Ruskin']
George_Allen,1,1,['George Allen']
Walt_Whitman,1,1,['Walt Whitman']
Edmund,1,1,['Edmund']
Norris,1,1,['Norris']
Miss_Bates,1,1,['Miss Bates']
Rushworth,1,1,[' Rushworth']
Frank_Churchill,1,1,['Frank Churchill']
Jane_Fairfax,1,1,['Jane Fairfax']
John_Thorpe,1,1,['John Thorpe']
Spectator,1,1,[' Spectator']
Smollett,1,1,['Smollett']
Miss_Burney,1,1,['Miss Burney']
Addison,1,1,[' Addison']
Shapely,1,1,[' Shapely']
Mentor,1,1,['Mentor']
Musgrove,1,1,[' Musgrove']
Goldwin_Smith,1,1,[' Goldwin Smith']
Memling,1,1,['Memling']
Meissonier,1,1,['Meissonier']
Cosway,1,1,['Cosway']
Scott,1,1,['Scott']
Mary_Wollstonecraft,1,1,['Mary Wollstonecraft']
De_Maupassant,1,1,[' de Maupassant']
John_Dashwood,1,1,['John Dashwood']
Philistinism,1,1,['Philistinism']
Lady_Powerful,1,1,['Lady Powerful']
Bountiful,1,1,['Bountiful']
Austen_Leigh,1,1,['Austen Leigh']
Austen_Leigh,1,1,[' Austen Leigh']
Don_Juanish,1,1,['Don Juanish']
Henry,1,1,['Henry']
Diana_Vernon,1,1,['Diana Vernon']
Argemone_Lavington,1,1,['Argemone Lavington']
Grant,1,1,['Grant']
Diana,1,1,['Diana']
Morris,1,1,[' Morris']
Observing,1,1,['Observing']
Boulanger,1,1,['Boulanger']
G,1,1,['G']
Miss_Watson,1,1,['Miss Watson']
Clarke,1,1,['Clarke']
Hursts,1,1,['Hursts']
Jones,1,1,['Jones']
Jane_Bennet,1,1,['Jane Bennet']
Miss_Grantley,1,1,['Miss Grantley']
Nicholls,1,1,['Nicholls']
Westerham,1,1,['Westerham']
Fordyce,1,1,['Fordyce']
Richard,1,1,['Richard']
Pray,1,1,['Pray']
Caroline_Bingley,1,1,['Caroline Bingley']
Georgiana_Darcy,1,1,['Georgiana Darcy']
St,1,1,['St']
James,1,1,['James']
Lodge,1,1,['Lodge']
Fitzwilliam_Darcy,1,1,['Fitzwilliam Darcy']
C,1,1,['C']
Hi,1,1,['Hi']
Maria_Lucas,1,1,['Maria Lucas']
Elizabe,1,1,['Elizabe']
Elizab,1,1,['Elizab']
Miss_Webbs,1,1,['Miss Webbs']
Lady_Metcalfe,1,1,['Lady Metcalfe']
Miss_Pope,1,1,['Miss Pope']
Darc,1,1,['Darc']
O,1,1,['O']
Lady_Anne,1,1,['Lady Anne']
Bromley,1,1,['Bromley']
Mary_King,1,1,['Mary King']
Harringtons,1,1,['Harringtons']
Pen,1,1,['Pen']
Chamberlayne,1,1,['Chamberlayne']
Aunt,1,1,['aunt']
B,1,1,['B']
Woods,1,1,['Woods']
Dovedale,1,1,['Dovedale']
Lambton,1,1,['Lambton']
Brighton,1,1,['Brighton']
Forsters,1,1,['Forsters']
Green,1,1,['Green']
Lydia_Wickham,1,1,['Lydia Wickham']
Sally,1,1,['Sally']
Clapham,1,1,['Clapham']
E,1,1,['E']
Goulding,1,1,['Goulding']
William_Goulding,1,1,['William Goulding']
Stone,1,1,['Stone']
Niece,1,1,['Niece']
Edward_Street,1,1,['Edward Street']
Younge,1,1,['Younge']
Street,1,1,['Street']
Nichols,1,1,[' Nichols']
Well,1,1,['Well']
Sarah,1,1,['Sarah']
Ben,1,1,['Ben']
Hertfordshire,1,1,['Hertfordshire']
Catherin,1,1,['Catherin']
